"month","branch_line","otp","am_peak","pm_peak","off_peak"
"2020-01-01T00:00:00.000","Hudson","0.976","0.946","0.98","0.977"
"2020-01-01T00:00:00.000","Harlem","0.978","0.972","0.98","0.968"
"2020-01-01T00:00:00.000","New Haven","0.97","0.96","0.983","0.964"
"2020-01-01T00:00:00.000","East of Hudson","0.974",,,
"2020-01-01T00:00:00.000","Pascack Valley","0.964","0.952","0.959","0.955"
"2020-01-01T00:00:00.000","Port Jervis","0.913","0.921","0.897","0.924"
"2020-01-01T00:00:00.000","West of Hudson","0.942",,,
"2020-02-01T00:00:00.000","Hudson","0.982","0.972","0.992","0.973"
"2020-02-01T00:00:00.000","Harlem","0.967","0.948","0.958","0.967"
"2020-02-01T00:00:00.000","New Haven","0.971","0.968","0.973","0.957"
"2020-02-01T00:00:00.000","East of Hudson","0.972",,,
"2020-02-01T00:00:00.000","Pascack Valley","0.972","0.962","0.947","0.976"
"2020-02-01T00:00:00.000","Port Jervis","0.956","0.93","0.965","0.951"
"2020-02-01T00:00:00.000","West of Hudson","0.965",,,
"2020-03-01T00:00:00.000","Hudson","0.986","0.969","0.986","0.985"
"2020-03-01T00:00:00.000","Harlem","0.987","0.985","0.998","0.981"
"2020-03-01T00:00:00.000","New Haven","0.984","0.972","0.99","0.979"
"2020-03-01T00:00:00.000","East of Hudson","0.985",,,
"2020-03-01T00:00:00.000","Pascack Valley","0.975","0.981","0.99","0.963"
"2020-03-01T00:00:00.000","Port Jervis","0.974","0.978","1.0","0.951"
"2020-03-01T00:00:00.000","West of Hudson","0.975",,,
"2020-04-01T00:00:00.000","Hudson","0.986",,,"0.986"
"2020-04-01T00:00:00.000","Harlem","0.987",,,"0.984"
"2020-04-01T00:00:00.000","New Haven","0.986",,,"0.985"
"2020-04-01T00:00:00.000","East of Hudson","0.986",,,
"2020-04-01T00:00:00.000","Pascack Valley","0.95",,,"0.964"
"2020-04-01T00:00:00.000","Port Jervis","0.961",,,"0.963"
"2020-04-01T00:00:00.000","West of Hudson","0.954",,,
"2020-05-01T00:00:00.000","Hudson","0.991",,,"0.993"
"2020-05-01T00:00:00.000","Harlem","0.988",,,"0.987"
"2020-05-01T00:00:00.000","New Haven","0.993",,,"0.995"
"2020-05-01T00:00:00.000","East of Hudson","0.991",,,
"2020-05-01T00:00:00.000","Pascack Valley","0.992",,,"0.992"
"2020-05-01T00:00:00.000","Port Jervis","0.941",,,"0.931"
"2020-05-01T00:00:00.000","West of Hudson","0.972",,,
"2020-06-01T00:00:00.000","Hudson","0.991",,,"0.991"
"2020-06-01T00:00:00.000","Harlem","0.968",,,"0.963"
"2020-06-01T00:00:00.000","New Haven","0.985",,,"0.991"
"2020-06-01T00:00:00.000","East of Hudson","0.981",,,
"2020-06-01T00:00:00.000","Pascack Valley","0.978",,,"0.975"
"2020-06-01T00:00:00.000","Port Jervis","0.881",,,"0.892"
"2020-06-01T00:00:00.000","West of Hudson","0.94",,,
"2020-07-01T00:00:00.000","Hudson","0.989",,,"0.989"
"2020-07-01T00:00:00.000","Harlem","0.978",,,"0.973"
"2020-07-01T00:00:00.000","New Haven","0.984",,,"0.984"
"2020-07-01T00:00:00.000","East of Hudson","0.983",,,
"2020-07-01T00:00:00.000","Pascack Valley","0.949","0.971","0.914","0.923"
"2020-07-01T00:00:00.000","Port Jervis","0.903","0.875","0.883","0.89"
"2020-07-01T00:00:00.000","West of Hudson","0.93",,,
"2020-08-01T00:00:00.000","Hudson","0.969",,,"0.966"
"2020-08-01T00:00:00.000","Harlem","0.956",,,"0.947"
"2020-08-01T00:00:00.000","New Haven","0.952",,,"0.935"
"2020-08-01T00:00:00.000","East of Hudson","0.957",,,
"2020-08-01T00:00:00.000","Pascack Valley","0.91","0.929","0.937","0.917"
"2020-08-01T00:00:00.000","Port Jervis","0.91","0.88","0.926","0.926"
"2020-08-01T00:00:00.000","West of Hudson","0.91",,,
"2020-09-01T00:00:00.000","Hudson","0.981",,,"0.978"
"2020-09-01T00:00:00.000","Harlem","0.984",,,"0.982"
"2020-09-01T00:00:00.000","New Haven","0.988",,,"0.989"
"2020-09-01T00:00:00.000","East of Hudson","0.985",,,
"2020-09-01T00:00:00.000","Pascack Valley","0.973","0.993","0.971","0.96"
"2020-09-01T00:00:00.000","Port Jervis","0.956","0.95","0.983","0.97"
"2020-09-01T00:00:00.000","West of Hudson","0.966",,,
"2020-10-01T00:00:00.000","Hudson","0.982",,,"0.984"
"2020-10-01T00:00:00.000","Harlem","0.981",,,"0.979"
"2020-10-01T00:00:00.000","New Haven","0.986",,,"0.989"
"2020-10-01T00:00:00.000","East of Hudson","0.983",,,
"2020-10-01T00:00:00.000","Pascack Valley","0.977","0.981","0.987","0.975"
"2020-10-01T00:00:00.000","Port Jervis","0.953","0.955","0.977","0.942"
"2020-10-01T00:00:00.000","West of Hudson","0.967",,,
"2020-11-01T00:00:00.000","Hudson","0.976",,,"0.984"
"2020-11-01T00:00:00.000","Harlem","0.975",,,"0.982"
"2020-11-01T00:00:00.000","New Haven","0.971",,,"0.976"
"2020-11-01T00:00:00.000","East of Hudson","0.974",,,
"2020-11-01T00:00:00.000","Pascack Valley","0.918","0.925","0.932","0.897"
"2020-11-01T00:00:00.000","Port Jervis","0.894","0.886","0.947","0.874"
"2020-11-01T00:00:00.000","West of Hudson","0.947",,,
"2020-12-01T00:00:00.000","Hudson","0.979",,,"0.977"
"2020-12-01T00:00:00.000","Harlem","0.987",,,"0.991"
"2020-12-01T00:00:00.000","New Haven","0.971",,,"0.973"
"2020-12-01T00:00:00.000","East of Hudson","0.978",,,
"2020-12-01T00:00:00.000","Pascack Valley","0.935","0.946","0.939","0.96"
"2020-12-01T00:00:00.000","Port Jervis","0.87","0.81","0.889","0.924"
"2020-12-01T00:00:00.000","West of Hudson","0.907",,,
"2021-01-01T00:00:00.000","Hudson","0.991",,,"0.992"
"2021-01-01T00:00:00.000","Harlem","0.993",,,"0.993"
"2021-01-01T00:00:00.000","New Haven","0.97",,,"0.967"
"2021-01-01T00:00:00.000","East of Hudson","0.982",,,
"2021-01-01T00:00:00.000","Pascack Valley","0.961","0.97","0.992","0.927"
"2021-01-01T00:00:00.000","Port Jervis","0.905","0.781","0.93","0.919"
"2021-01-01T00:00:00.000","West of Hudson","0.937",,,
"2021-02-01T00:00:00.000","Hudson","0.979",,,"0.957"
"2021-02-01T00:00:00.000","Harlem","0.992",,,"0.986"
"2021-02-01T00:00:00.000","New Haven","0.972",,,"0.973"
"2021-02-01T00:00:00.000","East of Hudson","0.98",,,
"2021-02-01T00:00:00.000","Pascack Valley","0.881","0.925","0.955","0.837"
"2021-02-01T00:00:00.000","Port Jervis","0.941","0.895","0.991","0.926"
"2021-02-01T00:00:00.000","West of Hudson","0.906",,,
"2021-03-01T00:00:00.000","Hudson","0.991",,,"0.99"
"2021-03-01T00:00:00.000","Harlem","0.993",,,"0.993"
"2021-03-01T00:00:00.000","New Haven","0.978",,,"0.977"
"2021-03-01T00:00:00.000","East of Hudson","0.986",,,
"2021-03-01T00:00:00.000","Pascack Valley","0.936","0.969","0.994","0.911"
"2021-03-01T00:00:00.000","Port Jervis","0.948","0.986","0.942","0.93"
"2021-03-01T00:00:00.000","West of Hudson","0.941",,,
"2021-04-01T00:00:00.000","Hudson","0.988",,,"0.992"
"2021-04-01T00:00:00.000","Harlem","0.985",,,"0.985"
"2021-04-01T00:00:00.000","New Haven","0.962",,,"0.958"
"2021-04-01T00:00:00.000","East of Hudson","0.976",,,
"2021-04-01T00:00:00.000","Pascack Valley","0.957","0.994","0.981","0.939"
"2021-04-01T00:00:00.000","Port Jervis","0.946","0.939","0.97","0.958"
"2021-04-01T00:00:00.000","West of Hudson","0.952",,,
"2021-05-01T00:00:00.000","Hudson","0.989",,,"0.991"
"2021-05-01T00:00:00.000","Harlem","0.987",,,"0.984"
"2021-05-01T00:00:00.000","New Haven","0.969",,,"0.966"
"2021-05-01T00:00:00.000","East of Hudson","0.98",,,
"2021-05-01T00:00:00.000","Pascack Valley","0.979","1.0","0.979","0.983"
"2021-05-01T00:00:00.000","Port Jervis","0.931","0.9","0.976","0.95"
"2021-05-01T00:00:00.000","West of Hudson","0.959",,,
"2021-06-01T00:00:00.000","Hudson","0.974",,,"0.98"
"2021-06-01T00:00:00.000","Harlem","0.965",,,"0.966"
"2021-06-01T00:00:00.000","New Haven","0.974",,,"0.974"
"2021-06-01T00:00:00.000","East of Hudson","0.971",,,
"2021-06-01T00:00:00.000","Pascack Valley","0.959","0.955","0.944","0.938"
"2021-06-01T00:00:00.000","Port Jervis","0.917","0.924","0.947","0.91"
"2021-06-01T00:00:00.000","West of Hudson","0.941",,,
"2021-07-01T00:00:00.000","Hudson","0.979",,,"0.978"
"2021-07-01T00:00:00.000","Harlem","0.974",,,"0.972"
"2021-07-01T00:00:00.000","New Haven","0.954",,,"0.948"
"2021-07-01T00:00:00.000","East of Hudson","0.966",,,
"2021-07-01T00:00:00.000","Pascack Valley","0.94","0.918","0.939","0.926"
"2021-07-01T00:00:00.000","Port Jervis","0.902","0.913","0.921","0.902"
"2021-07-01T00:00:00.000","West of Hudson","0.924",,,
"2021-08-01T00:00:00.000","Hudson","0.981",,,"0.985"
"2021-08-01T00:00:00.000","Harlem","0.984",,,"0.989"
"2021-08-01T00:00:00.000","New Haven","0.984",,,"0.983"
"2021-08-01T00:00:00.000","East of Hudson","0.983",,,
"2021-08-01T00:00:00.000","Pascack Valley","0.967","0.977","0.968","0.971"
"2021-08-01T00:00:00.000","Port Jervis","0.861","0.873","0.871","0.841"
"2021-08-01T00:00:00.000","West of Hudson","0.922",,,
"2021-09-01T00:00:00.000","Hudson","0.92",,,"0.912"
"2021-09-01T00:00:00.000","Harlem","0.943",,,"0.932"
"2021-09-01T00:00:00.000","New Haven","0.971",,,"0.971"
"2021-09-01T00:00:00.000","East of Hudson","0.95",,,
"2021-09-01T00:00:00.000","Pascack Valley","0.941","0.923","0.939","0.922"
"2021-09-01T00:00:00.000","Port Jervis","0.886","0.933","0.897","0.872"
"2021-09-01T00:00:00.000","West of Hudson","0.918",,,
"2021-10-01T00:00:00.000","Hudson","0.968",,,"0.967"
"2021-10-01T00:00:00.000","Harlem","0.966",,,"0.964"
"2021-10-01T00:00:00.000","New Haven","0.964",,,"0.959"
"2021-10-01T00:00:00.000","East of Hudson","0.966",,,
"2021-10-01T00:00:00.000","Pascack Valley","0.933","0.935","0.98","0.91"
"2021-10-01T00:00:00.000","Port Jervis","0.917","0.981","0.968","0.917"
"2021-10-01T00:00:00.000","West of Hudson","0.926",,,
"2021-11-01T00:00:00.000","Hudson","0.965",,,"0.97"
"2021-11-01T00:00:00.000","Harlem","0.932",,,"0.925"
"2021-11-01T00:00:00.000","New Haven","0.95",,,"0.925"
"2021-11-01T00:00:00.000","East of Hudson","0.948",,,
"2021-11-01T00:00:00.000","Pascack Valley","0.926","0.956","0.971","0.9"
"2021-11-01T00:00:00.000","Port Jervis","0.893","0.89","0.95","0.906"
"2021-11-01T00:00:00.000","West of Hudson","0.912",,,
"2021-12-01T00:00:00.000","Hudson","0.979",,,"0.979"
"2021-12-01T00:00:00.000","Harlem","0.973",,,"0.975"
"2021-12-01T00:00:00.000","New Haven","0.979",,,"0.977"
"2021-12-01T00:00:00.000","East of Hudson","0.977",,,
"2021-12-01T00:00:00.000","Pascack Valley","0.967","0.988","0.993","0.977"
"2021-12-01T00:00:00.000","Port Jervis","0.96","0.962","0.968","0.964"
"2021-12-01T00:00:00.000","West of Hudson","0.964",,,
"2022-01-01T00:00:00.000","Hudson","0.982",,,"0.983"
"2022-01-01T00:00:00.000","Harlem","0.981",,,"0.979"
"2022-01-01T00:00:00.000","New Haven","0.98",,,"0.979"
"2022-01-01T00:00:00.000","East of Hudson","0.981",,,
"2022-01-01T00:00:00.000","Pascack Valley","0.947","0.938","0.964","0.953"
"2022-01-01T00:00:00.000","Port Jervis","0.912","0.9","0.908","0.925"
"2022-01-01T00:00:00.000","West of Hudson","0.932",,,
"2022-02-01T00:00:00.000","Hudson","0.987",,,"0.985"
"2022-02-01T00:00:00.000","Harlem","0.983",,,"0.979"
"2022-02-01T00:00:00.000","New Haven","0.97",,,"0.966"
"2022-02-01T00:00:00.000","East of Hudson","0.978",,,
"2022-02-01T00:00:00.000","Pascack Valley","0.91","0.981","0.914","0.95"
"2022-02-01T00:00:00.000","Port Jervis","0.928","0.93","0.942","0.922"
"2022-02-01T00:00:00.000","West of Hudson","0.918",,,
"2022-03-01T00:00:00.000","Hudson","0.984","0.986","0.988","0.982"
"2022-03-01T00:00:00.000","Harlem","0.984","0.996","0.979","0.978"
"2022-03-01T00:00:00.000","New Haven","0.975","0.989","0.98","0.975"
"2022-03-01T00:00:00.000","East of Hudson","0.98",,,
"2022-03-01T00:00:00.000","Pascack Valley","0.93","0.967","0.975","0.902"
"2022-03-01T00:00:00.000","Port Jervis","0.937","0.93","0.957","0.943"
"2022-03-01T00:00:00.000","West of Hudson","0.933",,,
"2022-04-01T00:00:00.000","Hudson","0.965","0.963","0.963","0.967"
"2022-04-01T00:00:00.000","Harlem","0.971","0.952","0.958","0.974"
"2022-04-01T00:00:00.000","New Haven","0.978","0.978","0.987","0.958"
"2022-04-01T00:00:00.000","East of Hudson","0.973",,,
"2022-04-01T00:00:00.000","Pascack Valley","0.942","0.968","0.975","0.912"
"2022-04-01T00:00:00.000","Port Jervis","0.943","0.931","0.953","0.943"
"2022-04-01T00:00:00.000","West of Hudson","0.953",,,
"2022-05-01T00:00:00.000","Hudson","0.95","0.931","0.979","0.953"
"2022-05-01T00:00:00.000","Harlem","0.974","0.961","0.967","0.982"
"2022-05-01T00:00:00.000","New Haven","0.968","0.962","0.954","0.968"
"2022-05-01T00:00:00.000","East of Hudson","0.965",,,
"2022-05-01T00:00:00.000","Pascack Valley","0.946","0.989","0.981","0.962"
"2022-05-01T00:00:00.000","Port Jervis","0.951","0.991","0.97","0.96"
"2022-05-01T00:00:00.000","West of Hudson","0.948",,,
"2022-06-01T00:00:00.000","Hudson","0.956","0.937","0.974","0.943"
"2022-06-01T00:00:00.000","Harlem","0.956","0.975","0.935","0.958"
"2022-06-01T00:00:00.000","New Haven","0.963","0.948","0.969","0.957"
"2022-06-01T00:00:00.000","East of Hudson","0.959","0.954","0.958","0.954"
"2022-06-01T00:00:00.000","Pascack Valley","0.951","0.972","0.974","0.933"
"2022-06-01T00:00:00.000","Port Jervis","0.955","0.936","0.992","0.955"
"2022-06-01T00:00:00.000","West of Hudson","0.953","0.958","0.983","0.943"
"2022-07-01T00:00:00.000","Hudson","0.96","0.979","0.924","0.957"
"2022-07-01T00:00:00.000","Harlem","0.97","0.982","0.94","0.962"
"2022-07-01T00:00:00.000","New Haven","0.963","0.978","0.932","0.954"
"2022-07-01T00:00:00.000","East of Hudson","0.964","0.98","0.933","0.957"
"2022-07-01T00:00:00.000","Pascack Valley","0.961","0.976","0.925","0.96"
"2022-07-01T00:00:00.000","Port Jervis","0.949","0.981","0.937","0.952"
"2022-07-01T00:00:00.000","West of Hudson","0.956","0.978","0.93","0.956"
"2022-08-01T00:00:00.000","Hudson","0.965","0.977","0.968","0.958"
"2022-08-01T00:00:00.000","Harlem","0.969","0.982","0.936","0.965"
"2022-08-01T00:00:00.000","New Haven","0.968","0.984","0.946","0.966"
"2022-08-01T00:00:00.000","East of Hudson","0.968","0.982","0.948","0.964"
"2022-08-01T00:00:00.000","Pascack Valley","0.944","1.0","0.994","0.915"
"2022-08-01T00:00:00.000","Port Jervis","0.932","0.922","0.928","0.938"
"2022-08-01T00:00:00.000","West of Hudson","0.939","0.97","0.963","0.925"
"2022-09-01T00:00:00.000","Hudson","0.972","0.97","0.969","0.978"
"2022-09-01T00:00:00.000","Harlem","0.979","0.985","0.975","0.978"
"2022-09-01T00:00:00.000","New Haven","0.962","0.966","0.957","0.953"
"2022-09-01T00:00:00.000","East of Hudson","0.97","0.973","0.966","0.966"
"2022-09-01T00:00:00.000","Pascack Valley","0.929","0.977","0.961","0.9"
"2022-09-01T00:00:00.000","Port Jervis","0.956","0.982","0.909","0.952"
"2022-09-01T00:00:00.000","West of Hudson","0.941","0.979","0.937","0.923"
"2022-10-01T00:00:00.000","Hudson","0.962","0.97","0.927","0.967"
"2022-10-01T00:00:00.000","Harlem","0.971","0.976","0.928","0.975"
"2022-10-01T00:00:00.000","New Haven","0.957","0.982","0.917","0.954"
"2022-10-01T00:00:00.000","East of Hudson","0.965","0.977","0.923","0.962"
"2022-10-01T00:00:00.000","Pascack Valley","0.861","0.893","0.925","0.799"
"2022-10-01T00:00:00.000","Port Jervis","0.888","0.876","0.73","0.905"
"2022-10-01T00:00:00.000","West of Hudson","0.873","0.886","0.835","0.848"
"2022-11-01T00:00:00.000","Hudson","0.976","0.971","0.974","0.98"
"2022-11-01T00:00:00.000","Harlem","0.966","0.954","0.954","0.974"
"2022-11-01T00:00:00.000","New Haven","0.969","0.952","0.98","0.967"
"2022-11-01T00:00:00.000","East of Hudson","0.97","0.958","0.969","0.972"
"2022-11-01T00:00:00.000","Pascack Valley","0.93","0.968","0.958","0.907"
"2022-11-01T00:00:00.000","Port Jervis","0.933","0.94","0.917","0.937"
"2022-11-01T00:00:00.000","West of Hudson","0.932","0.957","0.939","0.921"
"2022-12-01T00:00:00.000","Hudson","0.982","0.971","0.986","0.98"
"2022-12-01T00:00:00.000","Harlem","0.975","0.962","0.977","0.976"
"2022-12-01T00:00:00.000","New Haven","0.97","0.962","0.977","0.976"
"2022-12-01T00:00:00.000","East of Hudson","0.975","0.97","0.972","0.971"
"2022-12-01T00:00:00.000","Pascack Valley","0.92","0.886","0.961","0.911"
"2022-12-01T00:00:00.000","Port Jervis","0.892","0.864","0.879","0.903"
"2022-12-01T00:00:00.000","West of Hudson","0.908","0.878","0.923","0.908"
"2023-01-01T00:00:00.000","Hudson","0.991","0.967","0.997","0.996"
"2023-01-01T00:00:00.000","Harlem","0.977","0.949","0.962","0.983"
"2023-01-01T00:00:00.000","New Haven","0.983","0.946","0.994","0.986"
"2023-01-01T00:00:00.000","East of Hudson","0.983","0.953","0.983","0.987"
"2023-01-01T00:00:00.000","Pascack Valley","0.963","0.989","0.975","0.932"
"2023-01-01T00:00:00.000","Port Jervis","0.964","0.96","0.975","0.966"
"2023-01-01T00:00:00.000","West of Hudson","0.964","0.979","0.975","0.947"
"2023-02-01T00:00:00.000","Hudson","0.974","0.98","0.951","0.978"
"2023-02-01T00:00:00.000","Harlem","0.972","0.982","0.945","0.975"
"2023-02-01T00:00:00.000","New Haven","0.973","0.977","0.973","0.972"
"2023-02-01T00:00:00.000","East of Hudson","0.973","0.979","0.958","0.974"
"2023-02-01T00:00:00.000","Pascack Valley","0.952","0.959","0.93","0.955"
"2023-02-01T00:00:00.000","Port Jervis","0.89","0.937","0.842","0.892"
"2023-02-01T00:00:00.000","West of Hudson","0.925","0.951","0.886","0.928"
"2023-03-01T00:00:00.000","Hudson","0.969","0.964","0.973","0.97"
"2023-03-01T00:00:00.000","Harlem","0.987","0.981","0.989","0.988"
"2023-03-01T00:00:00.000","New Haven","0.98","0.972","0.991","0.979"
"2023-03-01T00:00:00.000","East of Hudson","0.979","0.973","0.986","0.974"
"2023-03-01T00:00:00.000","Pascack Valley","0.952","0.959","0.93","0.955"
"2023-03-01T00:00:00.000","Port Jervis","0.89","0.937","0.842","0.892"
"2023-03-01T00:00:00.000","West of Hudson","0.925","0.951","0.886","0.928"
"2023-04-01T00:00:00.000","Hudson","0.94","0.94","0.917","0.944"
"2023-04-01T00:00:00.000","Harlem","0.9701","0.965","0.93","0.981"
"2023-04-01T00:00:00.000","New Haven","0.969","0.957","0.945","0.977"
"2023-04-01T00:00:00.000","East of Hudson","0.963","0.954","0.933","0.971"
"2023-04-01T00:00:00.000","Pascack Valley","0.97","0.994","0.983","0.95"
"2023-04-01T00:00:00.000","Port Jervis","0.902","0.94","0.933","0.92"
"2023-04-01T00:00:00.000","West of Hudson","0.941","0.967","0.958","0.937"
"2023-05-01T00:00:00.000","Hudson","0.981","0.987","0.984","0.978"
"2023-05-01T00:00:00.000","Harlem","0.987","0.992","0.977","0.988"
"2023-05-01T00:00:00.000","New Haven","0.985","0.986","0.983","0.985"
"2023-05-01T00:00:00.000","East of Hudson","0.985","0.988","0.981","0.984"
"2023-05-01T00:00:00.000","Pascack Valley","0.963","0.949","0.97","0.966"
"2023-05-01T00:00:00.000","Port Jervis","0.925","0.964","0.97","0.903"
"2023-05-01T00:00:00.000","West of Hudson","0.946","0.955","0.97","0.936"
"2023-06-01T00:00:00.000","Hudson","0.97","0.948","0.981","0.975"
"2023-06-01T00:00:00.000","Harlem","0.977","0.974","0.962","0.982"
"2023-06-01T00:00:00.000","New Haven","0.977","0.963","0.988","0.978"
"2023-06-01T00:00:00.000","East of Hudson","0.975","0.963","0.977","0.979"
"2023-06-01T00:00:00.000","Pascack Valley","0.973","0.995","0.985","0.964"
"2023-06-01T00:00:00.000","Port Jervis","0.746","0.809","0.803","0.715"
"2023-06-01T00:00:00.000","West of Hudson","0.876","0.929","0.894","0.857"
"2023-07-01T00:00:00.000","Hudson","0.966","0.983","0.971","0.96"
"2023-07-01T00:00:00.000","Harlem","0.969","0.992","0.937","0.969"
"2023-07-01T00:00:00.000","New Haven","0.973","0.989","0.971","0.97"
"2023-07-01T00:00:00.000","East of Hudson","0.97","0.988","0.959","0.967"
"2023-07-01T00:00:00.000","Pascack Valley","0.918","0.952","0.917","0.908"
"2023-07-01T00:00:00.000","Port Jervis","0.867","0.838","0.867","0.874"
"2023-07-01T00:00:00.000","West of Hudson","0.892","0.911","0.892","0.893"
"2023-08-01T00:00:00.000","Hudson","0.976","0.989","0.984","0.969"
"2023-08-01T00:00:00.000","Harlem","0.984","0.984","0.995","0.98"
"2023-08-01T00:00:00.000","New Haven","0.987","0.991","0.999","0.984"
"2023-08-01T00:00:00.000","East of Hudson","0.983","0.988","0.993","0.98"
"2023-08-01T00:00:00.000","Pascack Valley","0.96","0.961","0.986","0.954"
"2023-08-01T00:00:00.000","Port Jervis","0.937","0.913","0.928","0.946"
"2023-08-01T00:00:00.000","West of Hudson","0.95","0.944","0.957","0.95"
"2023-09-01T00:00:00.000","Hudson","0.962","0.966","0.939","0.966"
"2023-09-01T00:00:00.000","Harlem","0.954","0.979","0.941","0.949"
"2023-09-01T00:00:00.000","New Haven","0.959","0.965","0.941","0.96"
"2023-09-01T00:00:00.000","East of Hudson","0.958","0.97","0.941","0.958"
"2023-09-01T00:00:00.000","Pascack Valley","0.952","0.995","0.937","0.942"
"2023-09-01T00:00:00.000","Port Jervis","0.903","0.933","0.889","0.9"
"2023-09-01T00:00:00.000","West of Hudson","0.931","0.973","0.913","0.924"
"2023-10-01T00:00:00.000","Hudson","0.974","0.992","0.981","0.966"
"2023-10-01T00:00:00.000","Harlem","0.961","0.966","0.962","0.959"
"2023-10-01T00:00:00.000","New Haven","0.974","0.982","0.966","0.974"
"2023-10-01T00:00:00.000","East of Hudson","0.97","0.979","0.969","0.967"
"2023-10-01T00:00:00.000","Pascack Valley","0.954","0.975","0.992","0.94"
"2023-10-01T00:00:00.000","Port Jervis","0.944","0.955","0.977","0.933"
"2023-10-01T00:00:00.000","West of Hudson","0.95","0.968","0.985","0.937"
"2023-11-01T00:00:00.000","Hudson","0.983","0.984","0.98","0.984"
"2023-11-01T00:00:00.000","Harlem","0.955","0.931","0.95","0.964"
"2023-11-01T00:00:00.000","New Haven","0.977","0.955","0.986","0.98"
"2023-11-01T00:00:00.000","East of Hudson","0.971","0.954","0.972","0.976"
"2023-11-01T00:00:00.000","Pascack Valley","0.94","0.919","0.977","0.938"
"2023-11-01T00:00:00.000","Port Jervis","0.936","0.991","0.947","0.92"
"2023-11-01T00:00:00.000","West of Hudson","0.938","0.945","0.962","0.93"
"2023-12-01T00:00:00.000","Hudson","0.979","0.969","0.969","0.984"
"2023-12-01T00:00:00.000","Harlem","0.973","0.949","0.982","0.978"
"2023-12-01T00:00:00.000","New Haven","0.98","0.949","0.999","0.985"
"2023-12-01T00:00:00.000","East of Hudson","0.978","0.954","0.985","0.983"
"2023-12-01T00:00:00.000","Pascack Valley","0.958","0.936","0.976","0.96"
"2023-12-01T00:00:00.000","Port Jervis","0.964","0.981","0.952","0.964"
"2023-12-01T00:00:00.000","West of Hudson","0.96","0.952","0.964","0.962"
"2024-01-01T00:00:00.000","Hudson","0.985","0.977","0.995","0.985"
"2024-01-01T00:00:00.000","Harlem","0.986","0.98","0.973","0.99"
"2024-01-01T00:00:00.000","New Haven","0.984","0.968","0.986","0.987"
"2024-01-01T00:00:00.000","East of Hudson","0.985","0.974","0.984","0.988"
"2024-01-01T00:00:00.000","Pascack Valley","0.921","0.923","0.957","0.912"
"2024-01-01T00:00:00.000","Port Jervis","0.921","0.896","0.899","0.933"
"2024-01-01T00:00:00.000","West of Hudson","0.921","0.913","0.928","0.921"
"2024-02-01T00:00:00.000","Hudson","0.992","0.988","1.0","0.991"
"2024-02-01T00:00:00.000","Harlem","0.995","0.996","1.0","0.993"
"2024-02-01T00:00:00.000","New Haven","0.993","0.997","0.994","0.992"
"2024-02-01T00:00:00.000","East of Hudson","0.993","0.994","0.998","0.992"
"2024-02-01T00:00:00.000","Pascack Valley","0.971","0.984","0.976","0.966"
"2024-02-01T00:00:00.000","Port Jervis","0.918","0.914","0.897","0.924"
"2024-02-01T00:00:00.000","West of Hudson","0.948","0.959","0.937","0.948"
"2024-03-01T00:00:00.000","Hudson","0.989","0.988","0.997","0.988"
"2024-03-01T00:00:00.000","Harlem","0.99","0.984","0.992","0.991"
"2024-03-01T00:00:00.000","New Haven","0.989","0.99","0.998","0.987"
"2024-03-01T00:00:00.000","East of Hudson","0.989","0.987","0.996","0.989"
"2024-03-01T00:00:00.000","Pascack Valley","0.934","0.958","0.929","0.928"
"2024-03-01T00:00:00.000","Port Jervis","0.912","0.933","0.968","0.893"
"2024-03-01T00:00:00.000","West of Hudson","0.925","0.949","0.948","0.913"
"2024-04-01T00:00:00.000","Hudson","0.99","0.989","0.991","0.991"
"2024-04-01T00:00:00.000","Harlem","0.974","0.978","0.949","0.979"
"2024-04-01T00:00:00.000","New Haven","0.98","0.962","0.99","0.983"
"2024-04-01T00:00:00.000","East of Hudson","0.981","0.974","0.977","0.983"
"2024-04-01T00:00:00.000","Pascack Valley","0.973","0.99","0.985","0.966"
"2024-04-01T00:00:00.000","Port Jervis","0.948","0.964","0.932","0.948"
"2024-04-01T00:00:00.000","West of Hudson","0.962","0.981","0.958","0.958"
"2024-05-01T00:00:00.000","Hudson","0.988","0.977","0.993","0.991"
"2024-05-01T00:00:00.000","Harlem","0.988","0.989","0.983","0.989"
"2024-05-01T00:00:00.000","New Haven","0.977","0.97","0.977","0.979"
"2024-05-01T00:00:00.000","East of Hudson","0.983","0.978","0.983","0.985"
"2024-05-01T00:00:00.000","Pascack Valley","0.958","0.976","0.971","0.949"
"2024-05-01T00:00:00.000","Port Jervis","0.956","0.948","0.928","0.967"
"2024-05-01T00:00:00.000","West of Hudson","0.957","0.966","0.949","0.957"
"2024-06-01T00:00:00.000","Hudson","0.982","0.99","0.991","0.978"
"2024-06-01T00:00:00.000","Harlem","0.979","0.986","0.986","0.975"
"2024-06-01T00:00:00.000","New Haven","0.978","0.964","0.99","0.98"
"2024-06-01T00:00:00.000","East of Hudson","0.98","0.978","0.989","0.978"
"2024-06-01T00:00:00.000","Pascack Valley","0.901","0.961","0.925","0.879"
"2024-06-01T00:00:00.000","Port Jervis","0.887","0.89","0.792","0.911"
"2024-06-01T00:00:00.000","West of Hudson","0.895","0.936","0.858","0.892"
"2024-07-01T00:00:00.000","Hudson","0.987","0.986","0.98","0.989"
"2024-07-01T00:00:00.000","Harlem","0.972","0.97","0.948","0.978"
"2024-07-01T00:00:00.000","New Haven","0.971","0.946","0.973","0.978"
"2024-07-01T00:00:00.000","East of Hudson","0.975","0.964","0.967","0.981"
"2024-07-01T00:00:00.000","Pascack Valley","0.936","0.947","0.899","0.941"
"2024-07-01T00:00:00.000","Port Jervis","0.929","0.93","0.87","0.946"
"2024-07-01T00:00:00.000","West of Hudson","0.933","0.941","0.884","0.943"
"2024-08-01T00:00:00.000","Hudson","0.986","0.989","0.994","0.984"
"2024-08-01T00:00:00.000","Harlem","0.982","0.99","0.963","0.983"
"2024-08-01T00:00:00.000","New Haven","0.974","0.973","0.982","0.973"
"2024-08-01T00:00:00.000","East of Hudson","0.979","0.983","0.979","0.978"
"2024-08-01T00:00:00.000","Pascack Valley","0.933","0.965","0.992","0.91"
"2024-08-01T00:00:00.000","Port Jervis","0.925","0.945","0.947","0.914"
"2024-08-01T00:00:00.000","West of Hudson","0.929","0.958","0.97","0.912"
"2024-09-01T00:00:00.000","Hudson","0.986","0.985","0.988","0.986"
"2024-09-01T00:00:00.000","Harlem","0.99","0.99","0.985","0.991"
"2024-09-01T00:00:00.000","New Haven","0.99","0.992","0.988","0.989"
"2024-09-01T00:00:00.000","East of Hudson","0.989","0.99","0.987","0.989"
"2024-09-01T00:00:00.000","Pascack Valley","0.966","0.974","0.992","0.958"
"2024-09-01T00:00:00.000","Port Jervis","0.942","0.933","0.921","0.951"
"2024-09-01T00:00:00.000","West of Hudson","0.956","0.959","0.957","0.955"
"2024-10-01T00:00:00.000","Hudson","0.983","0.984","0.996","0.98"
"2024-10-01T00:00:00.000","Harlem","0.985","0.97","0.99","0.99"
"2024-10-01T00:00:00.000","New Haven","0.986","0.986","0.987","0.985"
"2024-10-01T00:00:00.000","East of Hudson","0.985","0.98","0.99","0.985"
"2024-10-01T00:00:00.000","Pascack Valley","0.965","0.995","0.957","0.959"
"2024-10-01T00:00:00.000","Port Jervis","0.76","0.704","0.754","0.785"
"2024-10-01T00:00:00.000","West of Hudson","0.898","0.891","0.863","0.91"
"2024-11-01T00:00:00.000","Hudson","0.988","0.986","0.995","0.988"
"2024-11-01T00:00:00.000","Harlem","0.968","0.955","0.982","0.97"
"2024-11-01T00:00:00.000","New Haven","0.982","0.966","0.987","0.984"
"2024-11-01T00:00:00.000","East of Hudson","0.979","0.967","0.987","0.981"
"2024-11-01T00:00:00.000","Pascack Valley","0.942","0.947","0.902","0.948"
"2024-11-01T00:00:00.000","Port Jervis","0.919","0.916","0.912","0.922"
"2024-11-01T00:00:00.000","West of Hudson","0.933","0.936","0.907","0.938"
"2024-12-01T00:00:00.000","Hudson","0.991","0.995","0.994","0.99"
"2024-12-01T00:00:00.000","Harlem","0.983","0.974","0.988","0.985"
"2024-12-01T00:00:00.000","New Haven","0.978","0.966","0.986","0.979"
"2024-12-01T00:00:00.000","East of Hudson","0.983","0.976","0.989","0.984"
"2024-12-01T00:00:00.000","Pascack Valley","0.951","0.958","0.966","0.947"
"2024-12-01T00:00:00.000","Port Jervis","0.87","0.895","0.92","0.851"
"2024-12-01T00:00:00.000","West of Hudson","0.919","0.935","0.945","0.91"
"2025-01-01T00:00:00.000","Hudson","0.989","0.988","0.978","0.991"
"2025-01-01T00:00:00.000","Harlem","0.974","0.96","0.949","0.985"
"2025-01-01T00:00:00.000","New Haven","0.976","0.966","0.986","0.977"
"2025-01-01T00:00:00.000","East of Hudson","0.979","0.97","0.971","0.983"
"2025-01-01T00:00:00.000","Pascack Valley","0.958","0.995","0.966","0.947"
"2025-01-01T00:00:00.000","Port Jervis","0.9","0.905","0.937","0.89"
"2025-01-01T00:00:00.000","West of Hudson","0.935","0.963","0.952","0.924"
"2025-02-01T00:00:00.000","Hudson","0.988","0.994","0.985","0.987"
"2025-02-01T00:00:00.000","Harlem","0.988","0.982","0.987","0.99"
"2025-02-01T00:00:00.000","New Haven","0.982","0.97","0.998","0.982"
"2025-02-01T00:00:00.000","East of Hudson","0.985","0.98","0.991","0.986"
"2025-02-01T00:00:00.000","Pascack Valley","0.924","0.953","0.977","0.907"
"2025-02-01T00:00:00.000","Port Jervis","0.891","0.863","0.939","0.885"
"2025-02-01T00:00:00.000","West of Hudson","0.911","0.921","0.96","0.898"
"2025-03-01T00:00:00.000","Hudson","0.99","0.984","0.992","0.991"
"2025-03-01T00:00:00.000","Harlem","0.987","0.981","0.994","0.988"
"2025-03-01T00:00:00.000","New Haven","0.984","0.957","0.992","0.99"
"2025-03-01T00:00:00.000","East of Hudson","0.987","0.972","0.993","0.99"
"2025-03-01T00:00:00.000","Pascack Valley","0.928","0.995","0.939","0.909"
"2025-03-01T00:00:00.000","Port Jervis","0.927","0.914","0.96","0.92"
"2025-03-01T00:00:00.000","West of Hudson","0.928","0.966","0.949","0.914"
"2025-04-01T00:00:00.000","Hudson","0.981","0.99","0.99","0.975"
"2025-04-01T00:00:00.000","Harlem","0.986","0.978","0.99","0.988"
"2025-04-01T00:00:00.000","New Haven","0.982","0.973","0.989","0.983"
"2025-04-01T00:00:00.000","East of Hudson","0.983","0.979","0.99","0.983"
"2025-04-01T00:00:00.000","Pascack Valley","0.987","0.995","0.981","0.986"
"2025-04-01T00:00:00.000","Port Jervis","0.959","0.973","0.97","0.953"
"2025-04-01T00:00:00.000","West of Hudson","0.976","0.987","0.976","0.973"
"2025-05-01T00:00:00.000","Hudson","0.983","0.993","0.976","0.982"
"2025-05-01T00:00:00.000","Harlem","0.99","0.992","0.991","0.989"
"2025-05-01T00:00:00.000","New Haven","0.981","0.963","0.988","0.984"
"2025-05-01T00:00:00.000","East of Hudson","0.984","0.98","0.986","0.985"
"2025-05-01T00:00:00.000","Pascack Valley","0.945","1.0","0.956","0.927"
"2025-05-01T00:00:00.000","Port Jervis","0.933","0.95","0.95","0.924"
"2025-05-01T00:00:00.000","West of Hudson","0.94","0.982","0.953","0.925"
"2025-06-01T00:00:00.000","Hudson","0.985","0.998","0.972","0.984"
"2025-06-01T00:00:00.000","Harlem","0.98","0.997","0.948","0.982"
"2025-06-01T00:00:00.000","New Haven","0.969","0.986","0.942","0.97"
"2025-06-01T00:00:00.000","East of Hudson","0.977","0.993","0.952","0.977"
"2025-06-01T00:00:00.000","Pascack Valley","0.949","0.926","0.945","0.956"
"2025-06-01T00:00:00.000","Port Jervis","0.952","0.971","0.921","0.957"
"2025-06-01T00:00:00.000","West of Hudson","0.951","0.942","0.934","0.957"
"2025-07-01T00:00:00.000","Hudson","0.968","0.995","0.967","0.96"
"2025-07-01T00:00:00.000","Harlem","0.957","0.986","0.911","0.957"
"2025-07-01T00:00:00.000","New Haven","0.965","0.992","0.932","0.964"
"2025-07-01T00:00:00.000","East of Hudson","0.963","0.991","0.934","0.961"
"2025-07-01T00:00:00.000","Pascack Valley","0.965","0.985","0.942","0.964"
"2025-07-01T00:00:00.000","Port Jervis","0.928","0.936","0.931","0.925"
"2025-07-01T00:00:00.000","West of Hudson","0.95","0.968","0.937","0.949"
"2025-08-01T00:00:00.000","Hudson","0.975","0.981","0.969","0.975"
"2025-08-01T00:00:00.000","Harlem","0.97","0.934","0.981","0.979"
"2025-08-01T00:00:00.000","New Haven","0.972","0.912","0.992","0.983"
"2025-08-01T00:00:00.000","East of Hudson","0.972","0.937","0.982","0.98"
"2025-08-01T00:00:00.000","Pascack Valley","0.959","0.984","0.939","0.957"
"2025-08-01T00:00:00.000","Port Jervis","0.945","0.952","0.968","0.937"
"2025-08-01T00:00:00.000","West of Hudson","0.954","0.973","0.952","0.949"
"2025-09-01T00:00:00.000","Hudson","0.978","0.994","0.939","0.982"
"2025-09-01T00:00:00.000","Harlem","0.981","0.982","0.966","0.985"
"2025-09-01T00:00:00.000","New Haven","0.978","0.962","0.974","0.983"
"2025-09-01T00:00:00.000","East of Hudson","0.979","0.977","0.962","0.983"
"2025-09-01T00:00:00.000","Pascack Valley","0.961","0.984","0.966","0.954"
"2025-09-01T00:00:00.000","Port Jervis","0.962","0.981","0.96","0.959"
"2025-09-01T00:00:00.000","West of Hudson","0.962","0.983","0.963","0.956"
"2025-10-01T00:00:00.000","Hudson","0.985","0.983","0.978","0.987"
"2025-10-01T00:00:00.000","Harlem","0.983","0.979","0.981","0.985"
"2025-10-01T00:00:00.000","New Haven","0.983","0.98","0.996","0.981"
"2025-10-01T00:00:00.000","East of Hudson","0.983","0.981","0.986","0.983"
"2025-10-01T00:00:00.000","Port Jervis","0.93","0.957","0.913","0.929"
"2025-10-01T00:00:00.000","Pascack Valley","0.97","0.952","0.969","0.976"
"2025-10-01T00:00:00.000","West of Hudson","0.955","0.953","0.943","0.958"
"2025-11-01T00:00:00.000","Hudson","0.978","0.949","0.985","0.985"
"2025-11-01T00:00:00.000","Harlem","0.972","0.965","0.946","0.979"
"2025-11-01T00:00:00.000","New Haven","0.981","0.962","0.986","0.985"
"2025-11-01T00:00:00.000","East of Hudson","0.978","0.96","0.973","0.983"
"2025-11-01T00:00:00.000","Port Jervis","0.9","0.867","0.897","0.907"
"2025-11-01T00:00:00.000","Pascack Valley","0.945","0.951","0.976","0.938"
"2025-11-01T00:00:00.000","West of Hudson","0.927","0.921","0.94","0.926"
"2025-12-01T00:00:00.000","Hudson","0.971","0.964","0.962","0.976"
"2025-12-01T00:00:00.000","Harlem","0.973","0.939","0.976","0.984"
"2025-12-01T00:00:00.000","New Haven","0.971","0.937","0.986","0.977"
"2025-12-01T00:00:00.000","East of Hudson","0.972","0.945","0.976","0.979"
"2025-12-01T00:00:00.000","Port Jervis","0.929","0.964","0.954","0.914"
"2025-12-01T00:00:00.000","Pascack Valley","0.931","0.949","0.987","0.915"
"2025-12-01T00:00:00.000","West of Hudson","0.93","0.955","0.972","0.914"
"2026-01-01T00:00:00.000","Hudson","0.944","0.844","0.946","0.974"
"2026-01-01T00:00:00.000","Harlem","0.941","0.844","0.95","0.969"
"2026-01-01T00:00:00.000","New Haven","0.964","0.878","0.979","0.982"
"2026-01-01T00:00:00.000","East of Hudson","0.952","0.858","0.961","0.976"
"2026-01-01T00:00:00.000","Port Jervis","0.881","0.878","0.926","0.871"
"2026-01-01T00:00:00.000","Pascack Valley","0.935","0.944","0.96","0.929"
"2026-01-01T00:00:00.000","West of Hudson","0.914","0.921","0.944","0.906"
"2026-02-01T00:00:00.000","Hudson","0.965","0.89","0.986","0.983"
"2026-02-01T00:00:00.000","Harlem","0.961","0.886","0.981","0.979"
"2026-02-01T00:00:00.000","New Haven","0.957","0.875","0.983","0.973"
"2026-02-01T00:00:00.000","East of Hudson","0.96","0.883","0.983","0.977"
"2026-02-01T00:00:00.000","Port Jervis","0.891","0.967","0.941","0.864"
"2026-02-01T00:00:00.000","Pascack Valley","0.923","0.951","0.933","0.914"
"2026-02-01T00:00:00.000","West of Hudson","0.91","0.956","0.937","0.894"
"2026-03-01T00:00:00.000","Hudson","0.987","0.967","0.988","0.994"
"2026-03-01T00:00:00.000","Harlem","0.97","0.961","0.929","0.984"
"2026-03-01T00:00:00.000","New Haven","0.972","0.922","0.987","0.983"
"2026-03-01T00:00:00.000","East of Hudson","0.975","0.947","0.968","0.986"
"2026-03-01T00:00:00.000","Port Jervis","0.921","0.964","0.902","0.917"
"2026-03-01T00:00:00.000","Pascack Valley","0.923","0.899","0.974","0.919"
"2026-03-01T00:00:00.000","West of Hudson","0.922","0.922","0.941","0.918"
"2026-04-01T00:00:00.000","Hudson","0.98","0.976","0.97","0.984"
"2026-04-01T00:00:00.000","Harlem","0.98","0.978","0.956","0.986"
"2026-04-01T00:00:00.000","New Haven","0.983","0.964","0.984","0.987"
"2026-04-01T00:00:00.000","East of Hudson","0.981","0.972","0.971","0.986"
"2026-04-01T00:00:00.000","Port Jervis","0.975","1.0","0.955","0.974"
"2026-04-01T00:00:00.000","Pascack Valley","0.954","0.97","0.916","0.957"
"2026-04-01T00:00:00.000","West of Hudson","0.962","0.981","0.934","0.964"
"2026-05-01T00:00:00.000","Hudson","0.99","0.987","0.994","0.99"
"2026-05-01T00:00:00.000","Harlem","0.987","0.98","0.989","0.989"
"2026-05-01T00:00:00.000","New Haven","0.983","0.98","0.989","0.982"
"2026-05-01T00:00:00.000","East of Hudson","0.986","0.982","0.99","0.986"
"2026-05-01T00:00:00.000","Port Jervis","0.949","0.97","0.941","0.947"
"2026-05-01T00:00:00.000","Pascack Valley","0.962","0.978","0.986","0.953"
"2026-05-01T00:00:00.000","West of Hudson","0.957","0.975","0.965","0.951"
"2026-06-01T00:00:00.000","Hudson","0.973","0.966","0.978","0.974"
"2026-06-01T00:00:00.000","Harlem","0.983","0.982","0.988","0.982"
"2026-06-01T00:00:00.000","New Haven","0.959","0.962","0.988","0.953"
"2026-06-01T00:00:00.000","East of Hudson","0.97","0.97","0.985","0.966"
"2026-06-01T00:00:00.000","Port Jervis","0.932","0.909","0.917","0.942"
"2026-06-01T00:00:00.000","Pascack Valley","0.949","0.934","0.974","0.948"
"2026-06-01T00:00:00.000","West of Hudson","0.942","0.925","0.948","0.945"
